,date,region,confirmed,active,cured,deaths
4,2020-03-31,Andaman and Nicobar Islands,10,10.0,0.0,0.0
34,2020-04-30,Andaman and Nicobar Islands,33,18.0,15.0,0.0
65,2020-05-31,Andaman and Nicobar Islands,33,0.0,33.0,0.0
95,2020-06-30,Andaman and Nicobar Islands,90,44.0,46.0,0.0
126,2020-07-31,Andaman and Nicobar Islands,471,266.0,201.0,4.0
157,2020-08-31,Andaman and Nicobar Islands,3104,473.0,2586.0,45.0
187,2020-09-30,Andaman and Nicobar Islands,3821,181.0,3587.0,53.0
218,2020-10-31,Andaman and Nicobar Islands,4317,182.0,4076.0,59.0
248,2020-11-30,Andaman and Nicobar Islands,4704,106.0,4537.0,61.0
278,2020-12-31,Andaman and Nicobar Islands,4941,59.0,4820.0,62.0
306,2021-01-31,Andaman and Nicobar Islands,4994,4.0,4928.0,62.0
333,2021-02-27,Andaman and Nicobar Islands,5017,3.0,4952.0,62.0
361,2021-03-31,Andaman and Nicobar Islands,5081,43.0,4976.0,62.0
391,2021-04-30,Andaman and Nicobar Islands,5875,165.0,5643.0,67.0
421,2021-05-31,Andaman and Nicobar Islands,6984,187.0,6683.0,114.0
450,2021-06-30,Andaman and Nicobar Islands,7466,42.0,7296.0,128.0
477,2021-07-31,Andaman and Nicobar Islands,7535,8.0,7398.0,129.0
508,2021-08-31,Andaman and Nicobar Islands,7565,5.0,7431.0,129.0
537,2021-09-30,Andaman and Nicobar Islands,7620,9.0,7482.0,129.0
568,2021-10-31,Andaman and Nicobar Islands,7651,4.0,7518.0,129.0
595,2021-11-30,Andaman and Nicobar Islands,7683,8.0,7546.0,129.0
621,2021-12-31,Andaman and Nicobar Islands,7720,9.0,7582.0,129.0
652,2022-01-31,Andaman and Nicobar Islands,9777,402.0,9246.0,129.0
679,2022-02-28,Andaman and Nicobar Islands,10017,10.0,9878.0,129.0
710,2022-03-31,Andaman and Nicobar Islands,10033,1.0,9903.0,129.0
736,2022-04-30,Andaman and Nicobar Islands,10035,1.0,9905.0,129.0
765,2022-05-31,Andaman and Nicobar Islands,10046,3.0,9914.0,129.0
794,2022-06-30,Andaman and Nicobar Islands,10157,42.0,9986.0,129.0
814,2020-03-31,Andhra Pradesh,40,39.0,1.0,0.0
844,2020-04-30,Andhra Pradesh,1332,1014.0,287.0,31.0
875,2020-05-31,Andhra Pradesh,3569,1220.0,2289.0,60.0
905,2020-06-30,Andhra Pradesh,13891,7479.0,6232.0,180.0
936,2020-07-31,Andhra Pradesh,130557,69252.0,60024.0,1281.0
967,2020-08-31,Andhra Pradesh,424767,99129.0,321754.0,3884.0
997,2020-09-30,Andhra Pradesh,687351,59435.0,622136.0,5780.0
1028,2020-10-31,Andhra Pradesh,820565,25514.0,788375.0,6676.0
1058,2020-11-30,Andhra Pradesh,867683,8397.0,852298.0,6988.0
1088,2020-12-31,Andhra Pradesh,881948,3256.0,871588.0,7104.0
1116,2021-01-31,Andhra Pradesh,887720,1289.0,879278.0,7153.0
1143,2021-02-27,Andhra Pradesh,889681,635.0,881877.0,7169.0
1171,2021-03-31,Andhra Pradesh,900805,6614.0,886978.0,7213.0
1201,2021-04-30,Andhra Pradesh,1084336,114158.0,962250.0,7928.0
1231,2021-05-31,Andhra Pradesh,1685142,165795.0,1508515.0,10832.0
1260,2021-06-30,Andhra Pradesh,1885716,40074.0,1832971.0,12671.0
1287,2021-07-31,Andhra Pradesh,1964117,21198.0,1929565.0,13354.0
1318,2021-08-31,Andhra Pradesh,2013001,14862.0,1984301.0,13838.0
1347,2021-09-30,Andhra Pradesh,2049314,11655.0,2023496.0,14163.0
1378,2021-10-31,Andhra Pradesh,2066065,4649.0,2047047.0,14369.0
1405,2021-11-30,Andhra Pradesh,2072725,2102.0,2056184.0,14439.0
1431,2021-12-31,Andhra Pradesh,2076979,1081.0,2061405.0,14493.0
1462,2022-01-31,Andhra Pradesh,2270491,116031.0,2139854.0,14606.0
1489,2022-02-28,Andhra Pradesh,2317741,2850.0,2300165.0,14726.0
1520,2022-03-31,Andhra Pradesh,2319524,288.0,2304506.0,14730.0
1546,2022-04-30,Andhra Pradesh,2319683,20.0,2304933.0,14730.0
1575,2022-05-31,Andhra Pradesh,2319922,43.0,2305148.0,14731.0
1604,2022-06-30,Andhra Pradesh,2321379,755.0,2305893.0,14731.0
1632,2020-04-30,Arunachal Pradesh,1,0.0,1.0,0.0
1663,2020-05-31,Arunachal Pradesh,4,3.0,1.0,0.0
1693,2020-06-30,Arunachal Pradesh,187,125.0,61.0,1.0
1724,2020-07-31,Arunachal Pradesh,1484,654.0,827.0,3.0
1755,2020-08-31,Arunachal Pradesh,4034,1205.0,2822.0,7.0
1785,2020-09-30,Arunachal Pradesh,9553,2794.0,6743.0,16.0
1816,2020-10-31,Arunachal Pradesh,14752,1938.0,12777.0,37.0
1846,2020-11-30,Arunachal Pradesh,16269,851.0,15364.0,54.0
1876,2020-12-31,Arunachal Pradesh,16711,106.0,16549.0,56.0
1904,2021-01-31,Arunachal Pradesh,16828,14.0,16758.0,56.0
1931,2021-02-27,Arunachal Pradesh,16836,3.0,16777.0,56.0
1959,2021-03-31,Arunachal Pradesh,16845,4.0,16785.0,56.0
1989,2021-04-30,Arunachal Pradesh,18256,1112.0,17085.0,59.0
2019,2021-05-31,Arunachal Pradesh,26950,3783.0,23052.0,115.0
2048,2021-06-30,Arunachal Pradesh,35571,2687.0,32716.0,168.0
2075,2021-07-31,Arunachal Pradesh,47856,4142.0,43488.0,226.0
2106,2021-08-31,Arunachal Pradesh,52960,900.0,51800.0,260.0
2135,2021-09-30,Arunachal Pradesh,54572,440.0,53856.0,276.0
2166,2021-10-31,Arunachal Pradesh,55154,109.0,54765.0,280.0
2193,2021-11-30,Arunachal Pradesh,55273,35.0,54958.0,280.0
2219,2021-12-31,Arunachal Pradesh,55339,21.0,55038.0,280.0
2250,2022-01-31,Arunachal Pradesh,62082,2948.0,58848.0,286.0
2277,2022-02-28,Arunachal Pradesh,64413,149.0,63968.0,296.0
2308,2022-03-31,Arunachal Pradesh,64485,1.0,64188.0,296.0
2334,2022-04-30,Arunachal Pradesh,64495,0.0,64199.0,296.0
2363,2022-05-31,Arunachal Pradesh,64505,1.0,64208.0,296.0
2392,2022-06-30,Arunachal Pradesh,64518,4.0,64218.0,296.0
2421,2020-04-30,Assam,38,8.0,29.0,1.0
2452,2020-05-31,Assam,1185,1018.0,163.0,4.0
2482,2020-06-30,Assam,7752,2408.0,5333.0,11.0
2513,2020-07-31,Assam,38407,9233.0,29080.0,94.0
2544,2020-08-31,Assam,105774,21551.0,83927.0,296.0
2574,2020-09-30,Assam,177221,32539.0,144002.0,680.0
2605,2020-10-31,Assam,206015,10421.0,194668.0,926.0
2635,2020-11-30,Assam,212617,3350.0,208286.0,981.0
2665,2020-12-31,Assam,216139,3258.0,211838.0,1043.0
2693,2021-01-31,Assam,217120,1914.0,214124.0,1082.0
2720,2021-02-27,Assam,217518,1634.0,214792.0,1092.0
2748,2021-03-31,Assam,218363,1846.0,215413.0,1104.0
2778,2021-04-30,Assam,249926,24451.0,224194.0,1281.0
2808,2021-05-31,Assam,406868,53795.0,349773.0,3300.0
2837,2021-06-30,Assam,506005,27039.0,474457.0,4509.0
2864,2021-07-31,Assam,565209,13832.0,546136.0,5241.0
2895,2021-08-31,Assam,588856,6960.0,576241.0,5655.0
2924,2021-09-30,Assam,601787,4487.0,591432.0,5868.0
2955,2021-10-31,Assam,610433,3699.0,600738.0,5996.0
2982,2021-11-30,Assam,616708,2595.0,608015.0,6098.0
3008,2021-12-31,Assam,620573,2127.0,612282.0,6164.0
3039,2022-01-31,Assam,714595,23795.0,684358.0,6442.0
3066,2022-02-28,Assam,724110,1569.0,715903.0,6638.0
3097,2022-03-31,Assam,724196,1354.0,716203.0,6639.0
3123,2022-04-30,Assam,724212,11.0,716215.0,7986.0
3152,2022-05-31,Assam,724230,7.0,716237.0,7986.0
3181,2022-06-30,Assam,724788,395.0,716405.0,7988.0
3191,2020-03-31,Bihar,15,14.0,0.0,1.0
3221,2020-04-30,Bihar,392,325.0,65.0,2.0
3252,2020-05-31,Bihar,3636,1998.0,1618.0,20.0
3282,2020-06-30,Bihar,9640,2188.0,7390.0,62.0
3313,2020-07-31,Bihar,48477,16845.0,31350.0,282.0
3344,2020-08-31,Bihar,135035,17333.0,117124.0,578.0
3374,2020-09-30,Bihar,181285,12366.0,168025.0,894.0
3405,2020-10-31,Bihar,215327,7897.0,206346.0,1084.0
3435,2020-11-30,Bihar,234119,5404.0,227456.0,1259.0
3465,2020-12-31,Bihar,251348,4799.0,245156.0,1393.0
3493,2021-01-31,Bihar,259496,976.0,257021.0,1499.0
3520,2021-02-27,Bihar,262464,431.0,260493.0,1540.0
3548,2021-03-31,Bihar,265268,1456.0,262238.0,1574.0
3578,2021-04-30,Bihar,454464,100822.0,351162.0,2480.0
3608,2021-05-31,Bihar,705648,18378.0,682166.0,5104.0
3637,2021-06-30,Bihar,721654,1832.0,710238.0,9584.0
3664,2021-07-31,Bihar,724791,458.0,714690.0,9643.0
3695,2021-08-31,Bihar,725700,106.0,715941.0,9653.0
3724,2021-09-30,Bihar,725952,55.0,716237.0,9660.0
3755,2021-10-31,Bihar,726090,48.0,716381.0,9661.0
3782,2021-11-30,Bihar,726219,39.0,716517.0,9663.0
3808,2021-12-31,Bihar,726738,334.0,714308.0,12096.0
3839,2022-01-31,Bihar,823053,6558.0,804274.0,12221.0
3866,2022-02-28,Bihar,830062,321.0,817486.0,12255.0
3897,2022-03-31,Bihar,830465,29.0,818180.0,12256.0
3923,2022-04-30,Bihar,830556,36.0,818264.0,12256.0
3952,2022-05-31,Bihar,830768,43.0,818469.0,12256.0
3981,2022-06-30,Bihar,832581,934.0,819388.0,12259.0
3994,2020-03-31,Chandigarh,13,13.0,0.0,0.0
4024,2020-04-30,Chandigarh,56,39.0,17.0,0.0
4055,2020-05-31,Chandigarh,289,96.0,189.0,4.0
4085,2020-06-30,Chandigarh,435,80.0,349.0,6.0
4116,2020-07-31,Chandigarh,1016,355.0,647.0,14.0
4147,2020-08-31,Chandigarh,4155,1807.0,2296.0,52.0
4177,2020-09-30,Chandigarh,11816,2060.0,9598.0,158.0
4208,2020-10-31,Chandigarh,14351,657.0,13469.0,225.0
4238,2020-11-30,Chandigarh,17342,1140.0,15926.0,276.0
4268,2020-12-31,Chandigarh,19682,399.0,18967.0,316.0
4296,2021-01-31,Chandigarh,20899,151.0,20414.0,334.0
4323,2021-02-27,Chandigarh,21659,322.0,20986.0,351.0
4351,2021-03-31,Chandigarh,26733,2831.0,23523.0,379.0
4381,2021-04-30,Chandigarh,41923,6652.0,34806.0,465.0
4411,2021-05-31,Chandigarh,59922,2134.0,57043.0,745.0
4440,2021-06-30,Chandigarh,61656,163.0,60685.0,808.0
4467,2021-07-31,Chandigarh,61952,36.0,61106.0,810.0
4498,2021-08-31,Chandigarh,65099,40.0,64246.0,813.0
4527,2021-09-30,Chandigarh,65224,42.0,64363.0,819.0
4558,2021-10-31,Chandigarh,65346,34.0,64492.0,820.0
4585,2021-11-30,Chandigarh,65456,58.0,64578.0,820.0
4611,2021-12-31,Chandigarh,65846,129.0,64638.0,1079.0
4642,2022-01-31,Chandigarh,89144,3452.0,84574.0,1118.0
4669,2022-02-28,Chandigarh,91732,165.0,90402.0,1165.0
4700,2022-03-31,Chandigarh,91916,22.0,90729.0,1165.0
4726,2022-04-30,Chandigarh,92051,69.0,90817.0,1165.0
4755,2022-05-31,Chandigarh,92416,106.0,91145.0,1165.0
4784,2022-06-30,Chandigarh,93785,568.0,92052.0,1165.0
4796,2020-03-31,Chhattisgarh,8,8.0,0.0,0.0
4826,2020-04-30,Chhattisgarh,38,4.0,34.0,0.0
4857,2020-05-31,Chhattisgarh,447,344.0,102.0,1.0
4887,2020-06-30,Chhattisgarh,2761,575.0,2173.0,13.0
4918,2020-07-31,Chhattisgarh,8761,2789.0,5921.0,51.0
4949,2020-08-31,Chhattisgarh,30092,13520.0,16303.0,269.0
4979,2020-09-30,Chhattisgarh,110655,31225.0,78514.0,916.0
5010,2020-10-31,Chhattisgarh,185306,22350.0,160918.0,2038.0
5040,2020-11-30,Chhattisgarh,235998,20641.0,212517.0,2840.0
5070,2020-12-31,Chhattisgarh,278540,11939.0,263251.0,3350.0
5098,2021-01-31,Chhattisgarh,305102,4260.0,297144.0,3698.0
5125,2021-02-27,Chhattisgarh,312179,2827.0,305524.0,3828.0
5153,2021-03-31,Chhattisgarh,344624,22057.0,318436.0,4131.0
5183,2021-04-30,Chhattisgarh,713706,117910.0,587484.0,8312.0
5213,2021-05-31,Chhattisgarh,969300,39261.0,917023.0,13016.0
5242,2021-06-30,Chhattisgarh,994077,5914.0,974725.0,13438.0
5269,2021-07-31,Chhattisgarh,1001906,1965.0,986418.0,13523.0
5300,2021-08-31,Chhattisgarh,1004420,439.0,990426.0,13555.0
5329,2021-09-30,Chhattisgarh,1005325,285.0,991475.0,13565.0
5360,2021-10-31,Chhattisgarh,1006020,317.0,992127.0,13576.0
5387,2021-11-30,Chhattisgarh,1006779,318.0,992868.0,13593.0
5413,2021-12-31,Chhattisgarh,1007997,597.0,993800.0,13600.0
5444,2022-01-31,Chhattisgarh,1123170,25734.0,1083602.0,13834.0
5471,2022-02-28,Chhattisgarh,1150807,1705.0,1135075.0,14027.0
5502,2022-03-31,Chhattisgarh,1152118,126.0,1137958.0,14034.0
5528,2022-04-30,Chhattisgarh,1152263,33.0,1138196.0,14034.0
5557,2022-05-31,Chhattisgarh,1152441,53.0,1138354.0,14034.0
5586,2022-06-30,Chhattisgarh,1154179,861.0,1139282.0,14036.0
5609,2020-05-31,Dadra and Nagar Haveli and Daman and Diu,2,2.0,0.0,0.0
5639,2020-06-30,Dadra and Nagar Haveli and Daman and Diu,203,126.0,77.0,0.0
5670,2020-07-31,Dadra and Nagar Haveli and Daman and Diu,1064,394.0,668.0,2.0
5701,2020-08-31,Dadra and Nagar Haveli and Daman and Diu,2340,296.0,2042.0,2.0
5731,2020-09-30,Dadra and Nagar Haveli and Daman and Diu,3032,120.0,2910.0,2.0
5762,2020-10-31,Dadra and Nagar Haveli and Daman and Diu,3248,49.0,3197.0,2.0
5792,2020-11-30,Dadra and Nagar Haveli and Daman and Diu,3332,22.0,3308.0,2.0
5822,2020-12-31,Dadra and Nagar Haveli and Daman and Diu,3375,9.0,3364.0,2.0
5850,2021-01-31,Dadra and Nagar Haveli and Daman and Diu,3398,6.0,3390.0,2.0
5877,2021-02-27,Dadra and Nagar Haveli and Daman and Diu,3406,4.0,3400.0,2.0
5905,2021-03-31,Dadra and Nagar Haveli and Daman and Diu,3642,166.0,3474.0,2.0
5935,2021-04-30,Dadra and Nagar Haveli and Daman and Diu,7334,2081.0,5249.0,4.0
5965,2021-05-31,Dadra and Nagar Haveli and Daman and Diu,10256,339.0,9913.0,4.0
5994,2021-06-30,Dadra and Nagar Haveli and Daman and Diu,10555,44.0,10507.0,4.0
6021,2021-07-31,Dadra and Nagar Haveli and Daman and Diu,10644,30.0,10610.0,4.0
6052,2021-08-31,Dadra and Nagar Haveli and Daman and Diu,10663,6.0,10653.0,4.0
6081,2021-09-30,Dadra and Nagar Haveli and Daman and Diu,10670,0.0,10666.0,4.0
6112,2021-10-31,Dadra and Nagar Haveli and Daman and Diu,10682,6.0,10672.0,4.0
6139,2021-11-30,Dadra and Nagar Haveli and Daman and Diu,10683,1.0,10678.0,4.0
6165,2021-12-31,Dadra and Nagar Haveli and Daman and Diu,10691,0.0,10687.0,4.0
6196,2022-01-31,Dadra and Nagar Haveli and Daman and Diu,11301,101.0,11196.0,4.0
6223,2022-02-28,Dadra and Nagar Haveli and Daman and Diu,11438,1.0,11433.0,4.0
6254,2022-03-31,Dadra and Nagar Haveli and Daman and Diu,11441,0.0,11437.0,4.0
6280,2022-04-30,Dadra and Nagar Haveli and Daman and Diu,11441,0.0,11437.0,4.0
6309,2022-05-31,Dadra and Nagar Haveli and Daman and Diu,11441,0.0,11437.0,4.0
6338,2022-06-30,Dadra and Nagar Haveli and Daman and Diu,11474,14.0,11456.0,4.0
6358,2020-03-31,Delhi,97,89.0,6.0,2.0
6388,2020-04-30,Delhi,3439,2291.0,1092.0,56.0
6419,2020-05-31,Delhi,18549,10058.0,8075.0,416.0
6449,2020-06-30,Delhi,85161,26246.0,56235.0,2680.0
6480,2020-07-31,Delhi,134403,10743.0,119724.0,3936.0
6511,2020-08-31,Delhi,173390,14793.0,154171.0,4426.0
6541,2020-09-30,Delhi,276325,27524.0,243481.0,5320.0
6572,2020-10-31,Delhi,381644,32363.0,342811.0,6470.0
6602,2020-11-30,Delhi,566648,35091.0,522491.0,9066.0
6632,2020-12-31,Delhi,624795,5838.0,608434.0,10523.0
6660,2021-01-31,Delhi,634956,1436.0,622671.0,10849.0
6687,2021-02-27,Delhi,638849,1231.0,626712.0,10906.0
6715,2021-03-31,Delhi,660611,7429.0,642166.0,11016.0
6745,2021-04-30,Delhi,1122286,97977.0,1008537.0,15772.0
6775,2021-05-31,Delhi,1425592,12100.0,1389341.0,24151.0
6804,2021-06-30,Delhi,1434094,1531.0,1407592.0,24971.0
6831,2021-07-31,Delhi,1436207,580.0,1410575.0,25052.0
6862,2021-08-31,Delhi,1437736,375.0,1412280.0,25081.0
6891,2021-09-30,Delhi,1438821,392.0,1413342.0,25087.0
6922,2021-10-31,Delhi,1439825,349.0,1414385.0,25091.0
6949,2021-11-30,Delhi,1440900,285.0,1415517.0,25098.0
6975,2021-12-31,Delhi,1446415,3081.0,1418227.0,25107.0
7006,2022-01-31,Delhi,1827489,21490.0,1780172.0,25827.0
7033,2022-02-28,Delhi,1859634,2086.0,1831426.0,26122.0
7064,2022-03-31,Delhi,1864857,459.0,1838246.0,26152.0
7090,2022-04-30,Delhi,1881555,5609.0,1849772.0,26174.0
7119,2022-05-31,Delhi,1906523,1486.0,1878828.0,26209.0
7148,2022-06-30,Delhi,1934009,4325.0,1903423.0,26261.0
7154,2020-03-31,Goa,5,5.0,0.0,0.0
7184,2020-04-30,Goa,7,0.0,7.0,0.0
7215,2020-05-31,Goa,70,29.0,41.0,0.0
7245,2020-06-30,Goa,1198,717.0,478.0,3.0
7276,2020-07-31,Goa,5704,1657.0,4005.0,42.0
7307,2020-08-31,Goa,17004,3635.0,13186.0,183.0
7337,2020-09-30,Goa,32777,4577.0,27781.0,419.0
7368,2020-10-31,Goa,43416,2405.0,40409.0,602.0
7398,2020-11-30,Goa,47804,1327.0,45790.0,687.0
7428,2020-12-31,Goa,50981,931.0,49313.0,737.0
7456,2021-01-31,Goa,53356,759.0,51831.0,766.0
7483,2021-02-27,Goa,54871,587.0,53490.0,794.0
7511,2021-03-31,Goa,57839,1419.0,55591.0,829.0
7541,2021-04-30,Goa,88028,20898.0,65984.0,1146.0
7571,2021-05-31,Goa,155064,14010.0,138429.0,2625.0
7600,2021-06-30,Goa,166449,2241.0,161160.0,3048.0
7627,2021-07-31,Goa,171052,1093.0,166813.0,3146.0
7658,2021-08-31,Goa,173850,883.0,169769.0,3198.0
7686,2021-09-30,Goa,176318,830.0,172176.0,3312.0
7717,2021-10-31,Goa,178085,382.0,174339.0,3364.0
7744,2021-11-30,Goa,178890,276.0,175230.0,3384.0
7770,2021-12-31,Goa,180660,856.0,176283.0,3521.0
7801,2022-01-31,Goa,238406,9658.0,225066.0,3682.0
7828,2022-02-28,Goa,245001,301.0,240899.0,3801.0
7859,2022-03-31,Goa,245288,24.0,241432.0,3832.0
7885,2022-04-30,Goa,245421,44.0,241545.0,3832.0
7914,2022-05-31,Goa,245778,117.0,241829.0,3832.0
7943,2022-06-30,Goa,248540,982.0,243720.0,3838.0
7955,2020-03-31,Gujarat,73,64.0,3.0,6.0
7985,2020-04-30,Gujarat,4082,3358.0,527.0,197.0
8016,2020-05-31,Gujarat,16343,6106.0,9230.0,1007.0
8046,2020-06-30,Gujarat,31938,6871.0,23240.0,1827.0
8077,2020-07-31,Gujarat,60285,13793.0,44074.0,2418.0
8108,2020-08-31,Gujarat,95009,15272.0,76731.0,3006.0
8138,2020-09-30,Gujarat,135842,16676.0,115727.0,3439.0
8169,2020-10-31,Gujarat,171847,13168.0,154968.0,3711.0
8199,2020-11-30,Gujarat,208278,14889.0,189420.0,3969.0
8229,2020-12-31,Gujarat,244258,9979.0,229977.0,4302.0
8257,2021-01-31,Gujarat,261224,3469.0,253368.0,4387.0
8284,2021-02-27,Gujarat,269031,2136.0,262487.0,4408.0
8312,2021-03-31,Gujarat,305338,12263.0,288565.0,4510.0
8342,2021-04-30,Gujarat,553172,137794.0,408368.0,7010.0
8372,2021-05-31,Gujarat,807488,35403.0,762270.0,9815.0
8401,2021-06-30,Gujarat,823433,3230.0,810147.0,10056.0
8428,2021-07-31,Gujarat,824850,260.0,814514.0,10076.0
8459,2021-08-31,Gujarat,825410,150.0,815179.0,10081.0
8488,2021-09-30,Gujarat,825916,156.0,815678.0,10082.0
8519,2021-10-31,Gujarat,826557,208.0,816260.0,10089.0
8546,2021-11-30,Gujarat,827435,262.0,817081.0,10092.0
8572,2021-12-31,Gujarat,831078,2371.0,818589.0,10118.0
8603,2022-01-31,Gujarat,1153980,91320.0,1052222.0,10438.0
8630,2022-02-28,Gujarat,1222511,2049.0,1209534.0,10928.0
8661,2022-03-31,Gujarat,1223893,122.0,1212829.0,10942.0
8687,2022-04-30,Gujarat,1224322,105.0,1213274.0,10943.0
8716,2022-05-31,Gujarat,1225157,216.0,1213997.0,10944.0
8745,2022-06-30,Gujarat,1231483,2914.0,1217623.0,10946.0
8765,2020-03-31,Haryana,40,19.0,21.0,0.0
8795,2020-04-30,Haryana,310,98.0,209.0,3.0
8826,2020-05-31,Haryana,1923,932.0,971.0,20.0
8856,2020-06-30,Haryana,14210,4476.0,9502.0,232.0
8887,2020-07-31,Haryana,34254,6497.0,27340.0,417.0
8918,2020-08-31,Haryana,63282,10980.0,51620.0,682.0
8948,2020-09-30,Haryana,126974,14804.0,110814.0,1356.0
8979,2020-10-31,Haryana,165467,11851.0,151839.0,1777.0
9009,2020-11-30,Haryana,232522,18905.0,211216.0,2401.0
9039,2020-12-31,Haryana,262054,3799.0,255356.0,2899.0
9067,2021-01-31,Haryana,267805,1134.0,263654.0,3017.0
9094,2021-02-27,Haryana,270411,1103.0,266264.0,3044.0
9122,2021-03-31,Haryana,289694,9437.0,277110.0,3147.0
9152,2021-04-30,Haryana,474145,93175.0,376852.0,4118.0
9182,2021-05-31,Haryana,755389,21087.0,726081.0,8221.0
9211,2021-06-30,Haryana,768552,1495.0,757640.0,9417.0
9238,2021-07-31,Haryana,769884,712.0,759539.0,9633.0
9269,2021-08-31,Haryana,770466,639.0,760152.0,9675.0
9298,2021-09-30,Haryana,770863,278.0,760711.0,9874.0
9329,2021-10-31,Haryana,771241,134.0,761058.0,10049.0
9356,2021-11-30,Haryana,771692,165.0,761473.0,10054.0
9382,2021-12-31,Haryana,773361,1070.0,762228.0,10063.0
9413,2022-01-31,Haryana,945969,28837.0,906846.0,10286.0
9440,2022-02-28,Haryana,981444,2193.0,968694.0,10557.0
9471,2022-03-31,Haryana,985162,313.0,974233.0,10616.0
9497,2022-04-30,Haryana,992018,2438.0,978961.0,10619.0
9526,2022-05-31,Haryana,1002580,1044.0,990915.0,10621.0
9555,2022-06-30,Haryana,1015501,2655.0,1002222.0,10624.0
9566,2020-03-31,Himachal Pradesh,3,2.0,0.0,1.0
9596,2020-04-30,Himachal Pradesh,40,14.0,25.0,1.0
9627,2020-05-31,Himachal Pradesh,313,197.0,111.0,5.0
9657,2020-06-30,Himachal Pradesh,942,377.0,556.0,9.0
9688,2020-07-31,Himachal Pradesh,2506,1105.0,1387.0,14.0
9719,2020-08-31,Himachal Pradesh,5945,1460.0,4450.0,35.0
9749,2020-09-30,Himachal Pradesh,14747,3573.0,10991.0,183.0
9780,2020-10-31,Himachal Pradesh,21798,2891.0,18595.0,312.0
9810,2020-11-30,Himachal Pradesh,40003,8644.0,30724.0,635.0
9840,2020-12-31,Himachal Pradesh,55114,2796.0,51387.0,931.0
9868,2021-01-31,Himachal Pradesh,57494,383.0,56135.0,976.0
9895,2021-02-27,Himachal Pradesh,58543,261.0,57287.0,995.0
9923,2021-03-31,Himachal Pradesh,63320,2830.0,59445.0,1045.0
9953,2021-04-30,Himachal Pradesh,96929,17835.0,77634.0,1460.0
9983,2021-05-31,Himachal Pradesh,189465,14940.0,171398.0,3127.0
10012,2021-06-30,Himachal Pradesh,201980,1654.0,196849.0,3477.0
10039,2021-07-31,Himachal Pradesh,205874,1137.0,201217.0,3520.0
10070,2021-08-31,Himachal Pradesh,213341,1643.0,208103.0,3595.0
10099,2021-09-30,Himachal Pradesh,218898,1793.0,213430.0,3675.0
10130,2021-10-31,Himachal Pradesh,224021,2056.0,218212.0,3753.0
10157,2021-11-30,Himachal Pradesh,227093,824.0,222422.0,3847.0
10183,2021-12-31,Himachal Pradesh,228770,430.0,224465.0,3875.0
10214,2022-01-31,Himachal Pradesh,270078,9452.0,256631.0,3995.0
10241,2022-02-28,Himachal Pradesh,283225,1145.0,277961.0,4119.0
10272,2022-03-31,Himachal Pradesh,284522,164.0,280225.0,4133.0
10298,2022-04-30,Himachal Pradesh,284797,60.0,280603.0,4134.0
10327,2022-05-31,Himachal Pradesh,285053,46.0,280871.0,4136.0
10356,2022-06-30,Himachal Pradesh,286061,507.0,281413.0,4141.0
10376,2020-03-31,Jammu and Kashmir,54,50.0,2.0,2.0
10406,2020-04-30,Jammu and Kashmir,581,381.0,192.0,8.0
10437,2020-05-31,Jammu and Kashmir,2341,1405.0,908.0,28.0
10467,2020-06-30,Jammu and Kashmir,7237,2557.0,4585.0,95.0
10498,2020-07-31,Jammu and Kashmir,19869,7662.0,11842.0,365.0
10529,2020-08-31,Jammu and Kashmir,37163,7959.0,28510.0,694.0
10559,2020-09-30,Jammu and Kashmir,74095,17414.0,55517.0,1164.0
10590,2020-10-31,Jammu and Kashmir,94330,6835.0,86024.0,1471.0
10620,2020-11-30,Jammu and Kashmir,109854,5087.0,103082.0,1685.0
10650,2020-12-31,Jammu and Kashmir,120744,3034.0,115830.0,1880.0
10678,2021-01-31,Jammu and Kashmir,124449,761.0,121752.0,1936.0
10705,2021-02-27,Jammu and Kashmir,126286,803.0,123527.0,1956.0
10733,2021-03-31,Jammu and Kashmir,130587,2293.0,126304.0,1990.0
10763,2021-04-30,Jammu and Kashmir,172551,26144.0,144154.0,2253.0
10793,2021-05-31,Jammu and Kashmir,288940,37677.0,247393.0,3870.0
10822,2021-06-30,Jammu and Kashmir,315298,4805.0,306177.0,4316.0
10849,2021-07-31,Jammu and Kashmir,321344,1171.0,315795.0,4378.0
10880,2021-08-31,Jammu and Kashmir,325253,1264.0,319582.0,4407.0
10909,2021-09-30,Jammu and Kashmir,329320,1388.0,323510.0,4422.0
10940,2021-10-31,Jammu and Kashmir,332154,886.0,326836.0,4432.0
10967,2021-11-30,Jammu and Kashmir,336681,1626.0,330579.0,4476.0
10993,2021-12-31,Jammu and Kashmir,341167,1294.0,335347.0,4526.0
11024,2022-01-31,Jammu and Kashmir,432875,40270.0,387946.0,4659.0
11051,2022-02-28,Jammu and Kashmir,452955,788.0,447419.0,4748.0
11082,2022-03-31,Jammu and Kashmir,453720,146.0,448824.0,4750.0
11108,2022-04-30,Jammu and Kashmir,454032,65.0,449216.0,4751.0
11137,2022-05-31,Jammu and Kashmir,454248,64.0,449432.0,4752.0
11166,2022-06-30,Jammu and Kashmir,455006,447.0,449803.0,4756.0
11195,2020-04-30,Jharkhand,107,85.0,19.0,3.0
11226,2020-05-31,Jharkhand,563,302.0,256.0,5.0
11256,2020-06-30,Jharkhand,2426,566.0,1845.0,15.0
11287,2020-07-31,Jharkhand,10167,5888.0,4176.0,103.0
11318,2020-08-31,Jharkhand,38435,11577.0,26448.0,410.0
11348,2020-09-30,Jharkhand,82540,11942.0,69898.0,700.0
11379,2020-10-31,Jharkhand,101287,5196.0,95208.0,883.0
11409,2020-11-30,Jharkhand,108984,2138.0,105883.0,963.0
11439,2020-12-31,Jharkhand,114873,1640.0,112206.0,1027.0
11467,2021-01-31,Jharkhand,118651,576.0,117004.0,1071.0
11494,2021-02-27,Jharkhand,119863,492.0,118284.0,1087.0
11522,2021-03-31,Jharkhand,123508,2254.0,120141.0,1113.0
11552,2021-04-30,Jharkhand,227450,55877.0,169033.0,2540.0
11582,2021-05-31,Jharkhand,336943,9906.0,322060.0,4977.0
11611,2021-06-30,Jharkhand,345525,949.0,339463.0,5113.0
11638,2021-07-31,Jharkhand,347137,260.0,341749.0,5128.0
11669,2021-08-31,Jharkhand,347855,138.0,342585.0,5132.0
11698,2021-09-30,Jharkhand,348215,78.0,343002.0,5135.0
11729,2021-10-31,Jharkhand,348754,106.0,343510.0,5138.0
11756,2021-11-30,Jharkhand,349232,95.0,343997.0,5140.0
11782,2021-12-31,Jharkhand,350986,1371.0,344472.0,5143.0
11813,2022-01-31,Jharkhand,427912,6495.0,416117.0,5300.0
11840,2022-02-28,Jharkhand,434363,481.0,428567.0,5315.0
11871,2022-03-31,Jharkhand,435143,57.0,429771.0,5315.0
11897,2022-04-30,Jharkhand,435222,27.0,429878.0,5317.0
11926,2022-05-31,Jharkhand,435336,19.0,429998.0,5319.0
11955,2022-06-30,Jharkhand,435858,284.0,430254.0,5320.0
11975,2020-03-31,Karnataka,83,75.0,5.0,3.0
12005,2020-04-30,Karnataka,535,298.0,216.0,21.0
12036,2020-05-31,Karnataka,2922,1877.0,997.0,48.0
12066,2020-06-30,Karnataka,14295,6386.0,7683.0,226.0
12097,2020-07-31,Karnataka,118632,69708.0,46694.0,2230.0
12128,2020-08-31,Karnataka,335928,88110.0,242229.0,5589.0
12158,2020-09-30,Karnataka,592911,107756.0,476378.0,8777.0
12189,2020-10-31,Karnataka,820398,59518.0,749740.0,11140.0
12219,2020-11-30,Karnataka,883899,24522.0,847612.0,11765.0
12249,2020-12-31,Karnataka,918544,11629.0,894834.0,12081.0
12277,2021-01-31,Karnataka,938865,5995.0,920657.0,12213.0
12304,2021-02-27,Karnataka,950207,5520.0,932367.0,12320.0
12332,2021-03-31,Karnataka,992779,25560.0,954678.0,12541.0
12362,2021-04-30,Karnataka,1474846,349515.0,1110025.0,15306.0
12392,2021-05-31,Karnataka,2587827,342031.0,2217117.0,28679.0
12421,2021-06-30,Karnataka,2840428,86020.0,2719479.0,34929.0
12448,2021-07-31,Karnataka,2903137,23502.0,2843110.0,36525.0
12479,2021-08-31,Karnataka,2948228,18418.0,2892517.0,37293.0
12508,2021-09-30,Karnataka,2975067,12594.0,2924693.0,37780.0
12539,2021-10-31,Karnataka,2988041,8737.0,2941233.0,38071.0
12566,2021-11-30,Karnataka,2995857,6907.0,2950747.0,38203.0
12592,2021-12-31,Karnataka,3006505,8252.0,2959926.0,38327.0
12623,2022-01-31,Karnataka,3785295,251114.0,3495239.0,38942.0
12650,2022-02-28,Karnataka,3940795,6526.0,3894333.0,39936.0
12681,2022-03-31,Karnataka,3945436,1627.0,3903756.0,40053.0
12707,2022-04-30,Karnataka,3947496,1737.0,3905660.0,40099.0
12736,2022-05-31,Karnataka,3951905,2106.0,3909693.0,40106.0
12765,2022-06-30,Karnataka,3968365,5707.0,3922541.0,40117.0
12785,2020-03-31,Kerala,234,214.0,19.0,1.0
12815,2020-04-30,Kerala,495,122.0,369.0,4.0
12846,2020-05-31,Kerala,1208,624.0,575.0,9.0
12876,2020-06-30,Kerala,4189,2015.0,2152.0,22.0
12907,2020-07-31,Kerala,22303,10074.0,12159.0,70.0
12938,2020-08-31,Kerala,73855,23719.0,49849.0,287.0
12968,2020-09-30,Kerala,187276,61869.0,124688.0,719.0
12999,2020-10-31,Kerala,425122,90671.0,332994.0,1457.0
13029,2020-11-30,Kerala,599600,64719.0,532658.0,2223.0
13059,2020-12-31,Kerala,755718,65572.0,687104.0,3042.0
13087,2021-01-31,Kerala,923912,71714.0,848476.0,3722.0
13114,2021-02-27,Kerala,1052357,51679.0,996514.0,4164.0
13142,2021-03-31,Kerala,1121931,24960.0,1092365.0,4606.0
13172,2021-04-30,Kerala,1533984,284424.0,1244301.0,5259.0
13202,2021-05-31,Kerala,2514279,224120.0,2281518.0,8641.0
13231,2021-06-30,Kerala,2910507,99635.0,2797779.0,13093.0
13258,2021-07-31,Kerala,3370137,161332.0,3192104.0,16701.0
13289,2021-08-31,Kerala,4027030,210040.0,3796317.0,20673.0
13318,2021-09-30,Kerala,4664944,144075.0,4495904.0,24965.0
13349,2021-10-31,Kerala,4961490,79234.0,4850742.0,31514.0
13376,2021-11-30,Kerala,5137091,45138.0,5051998.0,39955.0
13402,2021-12-31,Kerala,5244501,20525.0,5176535.0,47441.0
13433,2022-01-31,Kerala,5983515,355314.0,5574535.0,53666.0
13460,2022-02-28,Kerala,6497204,30745.0,6401236.0,65223.0
13491,2022-03-31,Kerala,6532254,4201.0,6460147.0,67906.0
13517,2022-04-30,Kerala,6541077,2862.0,6469204.0,69011.0
13546,2022-05-31,Kerala,6556330,5498.0,6481092.0,69740.0
13575,2022-06-30,Kerala,6634722,28860.0,6535869.0,69993.0
13595,2020-03-31,Ladakh,13,10.0,3.0,0.0
13625,2020-04-30,Ladakh,22,6.0,16.0,0.0
13656,2020-05-31,Ladakh,74,31.0,43.0,0.0
13686,2020-06-30,Ladakh,964,347.0,616.0,1.0
13717,2020-07-31,Ladakh,1378,277.0,1094.0,7.0
13748,2020-08-31,Ladakh,2638,847.0,1757.0,34.0
13778,2020-09-30,Ladakh,4195,1030.0,3107.0,58.0
13809,2020-10-31,Ladakh,6194,627.0,5493.0,74.0
13839,2020-11-30,Ladakh,8403,878.0,7409.0,116.0
13869,2020-12-31,Ladakh,9447,188.0,9132.0,127.0
13897,2021-01-31,Ladakh,9719,70.0,9519.0,130.0
13924,2021-02-27,Ladakh,9816,54.0,9632.0,130.0
13952,2021-03-31,Ladakh,10119,222.0,9767.0,130.0
13982,2021-04-30,Ladakh,13866,1597.0,12129.0,140.0
14012,2021-05-31,Ladakh,18497,1555.0,16754.0,188.0
14041,2021-06-30,Ladakh,20038,271.0,19565.0,202.0
14068,2021-07-31,Ladakh,20328,50.0,20071.0,207.0
14099,2021-08-31,Ladakh,20555,71.0,20277.0,207.0
14128,2021-09-30,Ladakh,20795,73.0,20515.0,207.0
14159,2021-10-31,Ladakh,20951,65.0,20678.0,208.0
14186,2021-11-30,Ladakh,21540,250.0,21076.0,214.0
14212,2021-12-31,Ladakh,22173,204.0,21750.0,219.0
14243,2022-01-31,Ladakh,25896,1212.0,24460.0,224.0
14270,2022-02-28,Ladakh,28003,166.0,27609.0,228.0
14301,2022-03-31,Ladakh,28222,10.0,27984.0,228.0
14327,2022-04-30,Ladakh,28246,4.0,28014.0,228.0
14356,2022-05-31,Ladakh,28265,4.0,28033.0,228.0
14385,2022-06-30,Ladakh,28411,78.0,28105.0,228.0
14387,2020-07-31,Lakshadweep,0,0.0,0.0,0.0
14418,2020-08-31,Lakshadweep,0,0.0,0.0,0.0
14448,2020-09-30,Lakshadweep,0,0.0,0.0,0.0
14479,2020-10-31,Lakshadweep,0,0.0,0.0,0.0
14509,2020-11-30,Lakshadweep,0,0.0,0.0,0.0
14539,2020-12-31,Lakshadweep,0,0.0,0.0,0.0
14567,2021-01-31,Lakshadweep,79,49.0,30.0,0.0
14594,2021-02-27,Lakshadweep,333,80.0,252.0,1.0
14622,2021-03-31,Lakshadweep,718,39.0,678.0,1.0
14652,2021-04-30,Lakshadweep,2662,1276.0,1382.0,4.0
14682,2021-05-31,Lakshadweep,7928,2006.0,5890.0,32.0
14711,2021-06-30,Lakshadweep,9742,306.0,9388.0,48.0
14738,2021-07-31,Lakshadweep,10178,77.0,10051.0,50.0
14769,2021-08-31,Lakshadweep,10345,32.0,10262.0,51.0
14798,2021-09-30,Lakshadweep,10361,4.0,10306.0,51.0
14829,2021-10-31,Lakshadweep,10365,0.0,10314.0,51.0
14856,2021-11-30,Lakshadweep,10394,24.0,10319.0,51.0
14882,2021-12-31,Lakshadweep,10416,4.0,10361.0,51.0
14913,2022-01-31,Lakshadweep,11056,257.0,10747.0,52.0
14940,2022-02-28,Lakshadweep,11399,8.0,11339.0,52.0
14971,2022-03-31,Lakshadweep,11402,0.0,11350.0,52.0
14997,2022-04-30,Lakshadweep,11402,0.0,11350.0,52.0
15026,2022-05-31,Lakshadweep,11402,0.0,11350.0,52.0
15055,2022-06-30,Lakshadweep,11408,3.0,11353.0,52.0
15066,2020-03-31,Madhya Pradesh,47,44.0,0.0,3.0
15096,2020-04-30,Madhya Pradesh,2561,1971.0,461.0,129.0
15127,2020-05-31,Madhya Pradesh,7891,3104.0,4444.0,343.0
15157,2020-06-30,Madhya Pradesh,13370,2607.0,10199.0,564.0
15188,2020-07-31,Madhya Pradesh,30968,8454.0,21657.0,857.0
15219,2020-08-31,Madhya Pradesh,62433,13592.0,47467.0,1374.0
15249,2020-09-30,Madhya Pradesh,126043,21317.0,102445.0,2281.0
15280,2020-10-31,Madhya Pradesh,170690,9294.0,158455.0,2941.0
15310,2020-11-30,Madhya Pradesh,204745,14974.0,186521.0,3250.0
15340,2020-12-31,Madhya Pradesh,240947,9387.0,227965.0,3595.0
15368,2021-01-31,Madhya Pradesh,254886,2760.0,248319.0,3807.0
15395,2021-02-27,Madhya Pradesh,261013,2518.0,254633.0,3862.0
15423,2021-03-31,Madhya Pradesh,293179,16034.0,273168.0,3977.0
15453,2021-04-30,Madhya Pradesh,550927,92077.0,453331.0,5519.0
15483,2021-05-31,Madhya Pradesh,778825,27256.0,743550.0,8019.0
15512,2021-06-30,Madhya Pradesh,789771,630.0,780187.0,8954.0
15539,2021-07-31,Madhya Pradesh,791806,121.0,781172.0,10513.0
15570,2021-08-31,Madhya Pradesh,792165,75.0,781574.0,10516.0
15599,2021-09-30,Madhya Pradesh,792519,115.0,781882.0,10522.0
15630,2021-10-31,Madhya Pradesh,792838,107.0,782207.0,10524.0
15657,2021-11-30,Madhya Pradesh,793150,126.0,782496.0,10528.0
15683,2021-12-31,Madhya Pradesh,793888,360.0,782995.0,10533.0
15714,2022-01-31,Madhya Pradesh,959439,63297.0,885526.0,10616.0
15741,2022-02-28,Madhya Pradesh,1038588,3851.0,1024010.0,10727.0
15772,2022-03-31,Madhya Pradesh,1041097,145.0,1030218.0,10734.0
15798,2022-04-30,Madhya Pradesh,1041414,118.0,1030561.0,10735.0
15827,2022-05-31,Madhya Pradesh,1042563,318.0,1031509.0,10736.0
15856,2022-06-30,Madhya Pradesh,1044243,490.0,1033012.0,10741.0
15876,2020-03-31,Maharashtra,216,168.0,39.0,9.0
15906,2020-04-30,Maharashtra,9915,7890.0,1593.0,432.0
15937,2020-05-31,Maharashtra,65168,34890.0,28081.0,2197.0
15967,2020-06-30,Maharashtra,169883,73313.0,88960.0,7610.0
15998,2020-07-31,Maharashtra,411798,148454.0,248615.0,14729.0
16029,2020-08-31,Maharashtra,780689,193889.0,562401.0,24399.0
16059,2020-09-30,Maharashtra,1366129,260789.0,1069159.0,36181.0
16090,2020-10-31,Maharashtra,1672858,125971.0,1503050.0,43837.0
16120,2020-11-30,Maharashtra,1820059,92062.0,1680926.0,47071.0
16150,2020-12-31,Maharashtra,1928603,54206.0,1824934.0,49463.0
16178,2021-01-31,Maharashtra,2023814,45437.0,1927335.0,51042.0
16205,2021-02-27,Maharashtra,2138154,68810.0,2017303.0,52041.0
16233,2021-03-31,Maharashtra,2773436,341887.0,2377127.0,54422.0
16263,2021-04-30,Maharashtra,4539553,672302.0,3799266.0,67985.0
16293,2021-05-31,Maharashtra,5731815,274601.0,5362370.0,94844.0
16322,2021-06-30,Maharashtra,6051633,120281.0,5809548.0,121804.0
16349,2021-07-31,Maharashtra,6296756,80871.0,6083319.0,132566.0
16380,2021-08-31,Maharashtra,6460680,55359.0,6268112.0,137209.0
16409,2021-09-30,Maharashtra,6547793,40252.0,6368530.0,139011.0
16440,2021-10-31,Maharashtra,6609906,20524.0,6449186.0,140196.0
16467,2021-11-30,Maharashtra,6634980,11525.0,6482493.0,140962.0
16493,2021-12-31,Maharashtra,6670754,21906.0,6507330.0,141518.0
16524,2022-01-31,Maharashtra,7705969,231591.0,7331806.0,142572.0
16551,2022-02-28,Maharashtra,7865298,11225.0,7710376.0,143697.0
16582,2022-03-31,Maharashtra,7873841,939.0,7725120.0,147782.0
16608,2022-04-30,Maharashtra,7877577,979.0,7728756.0,147842.0
16637,2022-05-31,Maharashtra,7886375,3131.0,7735385.0,147859.0
16666,2022-06-30,Maharashtra,7972474,25735.0,7798817.0,147922.0
16673,2020-03-31,Manipur,1,1.0,0.0,0.0
16703,2020-04-30,Manipur,2,0.0,2.0,0.0
16734,2020-05-31,Manipur,62,54.0,8.0,0.0
16764,2020-06-30,Manipur,1227,733.0,494.0,0.0
16795,2020-07-31,Manipur,2505,829.0,1672.0,4.0
16826,2020-08-31,Manipur,6112,1845.0,4239.0,28.0
16856,2020-09-30,Manipur,10746,2642.0,8039.0,65.0
16887,2020-10-31,Manipur,18272,4303.0,13805.0,164.0
16917,2020-11-30,Manipur,24910,3236.0,21401.0,273.0
16947,2020-12-31,Manipur,28137,1182.0,26601.0,354.0
16975,2021-01-31,Manipur,29052,136.0,28545.0,371.0
17002,2021-02-27,Manipur,29260,37.0,28850.0,373.0
17030,2021-03-31,Manipur,29393,67.0,28952.0,374.0
17060,2021-04-30,Manipur,31315,1225.0,29690.0,400.0
17090,2021-05-31,Manipur,49882,8482.0,40607.0,793.0
17119,2021-06-30,Manipur,69198,5923.0,62134.0,1141.0
17146,2021-07-31,Manipur,97698,10735.0,85422.0,1541.0
17177,2021-08-31,Manipur,113551,3340.0,108430.0,1781.0
17206,2021-09-30,Manipur,120426,2207.0,116365.0,1854.0
17237,2021-10-31,Manipur,123668,708.0,121040.0,1920.0
17264,2021-11-30,Manipur,125169,655.0,122539.0,1975.0
17290,2021-12-31,Manipur,125778,190.0,123586.0,2002.0
17321,2022-01-31,Manipur,132910,3976.0,126893.0,2041.0
17348,2022-02-28,Manipur,136758,339.0,134308.0,2111.0
17379,2022-03-31,Manipur,137093,38.0,134935.0,2120.0
17405,2022-04-30,Manipur,137220,17.0,135083.0,2120.0
17434,2022-05-31,Manipur,137236,6.0,135110.0,2120.0
17463,2022-06-30,Manipur,137266,18.0,135128.0,2120.0
17479,2020-04-30,Meghalaya,12,11.0,0.0,1.0
17510,2020-05-31,Meghalaya,27,14.0,12.0,1.0
17540,2020-06-30,Meghalaya,47,4.0,42.0,1.0
17571,2020-07-31,Meghalaya,803,588.0,210.0,5.0
17602,2020-08-31,Meghalaya,2343,1284.0,1049.0,10.0
17632,2020-09-30,Meghalaya,5463,1476.0,3940.0,47.0
17663,2020-10-31,Meghalaya,9382,1170.0,8125.0,87.0
17693,2020-11-30,Meghalaya,11740,768.0,10861.0,111.0
17723,2020-12-31,Meghalaya,13408,184.0,13085.0,139.0
17751,2021-01-31,Meghalaya,13761,74.0,13541.0,146.0
17778,2021-02-27,Meghalaya,13961,19.0,13794.0,148.0
17806,2021-03-31,Meghalaya,14056,45.0,13861.0,150.0
17836,2021-04-30,Meghalaya,16617,1531.0,14917.0,169.0
17866,2021-05-31,Meghalaya,35190,7496.0,27130.0,564.0
17895,2021-06-30,Meghalaya,49161,4263.0,44067.0,831.0
17922,2021-07-31,Meghalaya,64314,5791.0,57450.0,1073.0
17953,2021-08-31,Meghalaya,75735,2509.0,71919.0,1307.0
17982,2021-09-30,Meghalaya,81161,1693.0,78068.0,1400.0
18013,2021-10-31,Meghalaya,83605,461.0,81695.0,1449.0
18040,2021-11-30,Meghalaya,84461,285.0,82704.0,1472.0
18066,2021-12-31,Meghalaya,84817,61.0,83272.0,1484.0
18097,2022-01-31,Meghalaya,90884,2353.0,87009.0,1522.0
18124,2022-02-28,Meghalaya,93473,196.0,91699.0,1578.0
18155,2022-03-31,Meghalaya,93761,27.0,92141.0,1593.0
18181,2022-04-30,Meghalaya,93797,4.0,92200.0,1593.0
18210,2022-05-31,Meghalaya,93826,4.0,92229.0,1593.0
18239,2022-06-30,Meghalaya,93947,65.0,92288.0,1594.0
18245,2020-03-31,Mizoram,1,1.0,0.0,0.0
18275,2020-04-30,Mizoram,1,1.0,0.0,0.0
18306,2020-05-31,Mizoram,1,0.0,1.0,0.0
18336,2020-06-30,Mizoram,148,93.0,55.0,0.0
18367,2020-07-31,Mizoram,408,174.0,234.0,0.0
18398,2020-08-31,Mizoram,1011,422.0,589.0,0.0
18428,2020-09-30,Mizoram,1986,410.0,1576.0,0.0
18459,2020-10-31,Mizoram,2722,437.0,2284.0,1.0
18489,2020-11-30,Mizoram,3826,381.0,3440.0,5.0
18519,2020-12-31,Mizoram,4204,105.0,4091.0,8.0
18547,2021-01-31,Mizoram,4372,40.0,4323.0,9.0
18574,2021-02-27,Mizoram,4422,26.0,4386.0,10.0
18602,2021-03-31,Mizoram,4473,28.0,4434.0,11.0
18632,2021-04-30,Mizoram,6019,1123.0,4882.0,14.0
18662,2021-05-31,Mizoram,12087,3034.0,9015.0,38.0
18691,2021-06-30,Mizoram,20075,4471.0,15512.0,92.0
18749,2021-08-31,Mizoram,59119,9107.0,49798.0,214.0
18778,2021-09-30,Mizoram,93660,16841.0,76512.0,307.0
18809,2021-10-31,Mizoram,121359,6926.0,114002.0,431.0
18836,2021-11-30,Mizoram,134810,3805.0,130512.0,493.0
18862,2021-12-31,Mizoram,141400,1658.0,139200.0,542.0
18893,2022-01-31,Mizoram,172491,14301.0,157584.0,606.0
18920,2022-02-28,Mizoram,213328,7268.0,205403.0,657.0
18951,2022-03-31,Mizoram,224360,1048.0,222628.0,684.0
18977,2022-04-30,Mizoram,227419,714.0,226009.0,696.0
19006,2022-05-31,Mizoram,228317,142.0,227477.0,698.0
19035,2022-06-30,Mizoram,229048,261.0,228084.0,703.0
19049,2020-05-31,Nagaland,36,36.0,0.0,0.0
19079,2020-06-30,Nagaland,434,266.0,168.0,0.0
19110,2020-07-31,Nagaland,1566,936.0,625.0,5.0
19141,2020-08-31,Nagaland,3922,887.0,3026.0,9.0
19171,2020-09-30,Nagaland,6040,1037.0,4986.0,17.0
19202,2020-10-31,Nagaland,8945,1598.0,7308.0,39.0
19232,2020-11-30,Nagaland,11159,1090.0,10005.0,64.0
19262,2020-12-31,Nagaland,11921,218.0,11624.0,79.0
19290,2021-01-31,Nagaland,12090,52.0,11950.0,88.0
19317,2021-02-27,Nagaland,12198,9.0,12098.0,91.0
19345,2021-03-31,Nagaland,12233,7.0,12134.0,92.0
19375,2021-04-30,Nagaland,13750,1073.0,12577.0,100.0
19405,2021-05-31,Nagaland,21563,5049.0,16151.0,363.0
19434,2021-06-30,Nagaland,25111,1381.0,23237.0,493.0
19461,2021-07-31,Nagaland,27713,1274.0,25878.0,561.0
19492,2021-08-31,Nagaland,30003,767.0,28619.0,617.0
19521,2021-09-30,Nagaland,31219,365.0,30189.0,665.0
19552,2021-10-31,Nagaland,31831,222.0,30925.0,684.0
19579,2021-11-30,Nagaland,32109,140.0,31273.0,696.0
19605,2021-12-31,Nagaland,32191,69.0,31420.0,702.0
19636,2022-01-31,Nagaland,34341,884.0,32722.0,735.0
19663,2022-02-28,Nagaland,35402,119.0,34528.0,755.0
19694,2022-03-31,Nagaland,35475,15.0,34701.0,759.0
19720,2022-04-30,Nagaland,35488,0.0,34728.0,760.0
19749,2022-05-31,Nagaland,35497,2.0,34735.0,760.0
19778,2022-06-30,Nagaland,35507,2.0,34744.0,761.0
19794,2020-03-31,Orissa,3,3.0,0.0,0.0
19824,2020-04-30,Orissa,125,85.0,39.0,1.0
19855,2020-05-31,Orissa,1819,762.0,1050.0,7.0
19885,2020-06-30,Orissa,6859,1890.0,4946.0,23.0
19916,2020-07-31,Orissa,30378,10463.0,19746.0,169.0
19947,2020-08-31,Orissa,100934,27219.0,73233.0,482.0
19977,2020-09-30,Orissa,215676,33367.0,181481.0,828.0
20008,2020-10-31,Orissa,288646,13500.0,273838.0,1308.0
20038,2020-11-30,Orissa,318307,5317.0,311256.0,1734.0
20068,2020-12-31,Orissa,329306,2332.0,325103.0,1871.0
20096,2021-01-31,Orissa,334958,1090.0,331962.0,1906.0
20123,2021-02-27,Orissa,337018,640.0,334463.0,1915.0
20151,2021-03-31,Orissa,340620,1769.0,336930.0,1921.0
20181,2021-04-30,Orissa,435513,53084.0,380400.0,2029.0
20211,2021-05-31,Orissa,756684,83438.0,670527.0,2719.0
20240,2021-06-30,Orissa,906429,28152.0,874307.0,3970.0
20267,2021-07-31,Orissa,975690,14927.0,954929.0,5834.0
20298,2021-08-31,Orissa,1007112,6738.0,992473.0,7901.0
20327,2021-09-30,Orissa,1025874,5099.0,1012583.0,8192.0
20358,2021-10-31,Orissa,1040969,3943.0,1028697.0,8329.0
20385,2021-11-30,Orissa,1048880,2165.0,1038306.0,8409.0
20411,2021-12-31,Orissa,1054606,1554.0,1044594.0,8458.0
20442,2022-01-31,Orissa,1245911,43952.0,1193365.0,8594.0
20469,2022-02-28,Orissa,1284867,2499.0,1273304.0,9064.0
20500,2022-03-31,Orissa,1287608,453.0,1278035.0,9120.0
20526,2022-04-30,Orissa,1288034,121.0,1278789.0,9124.0
20555,2022-05-31,Orissa,1288437,127.0,1279184.0,9126.0
20584,2022-06-30,Orissa,1289602,627.0,1279849.0,9126.0
20597,2020-03-31,Puducherry,1,1.0,0.0,0.0
20627,2020-04-30,Puducherry,8,5.0,3.0,0.0
20658,2020-05-31,Puducherry,51,37.0,14.0,0.0
20688,2020-06-30,Puducherry,619,388.0,221.0,10.0
20719,2020-07-31,Puducherry,3298,1292.0,1958.0,48.0
20750,2020-08-31,Puducherry,14127,4938.0,8968.0,221.0
20780,2020-09-30,Puducherry,27066,4933.0,21616.0,517.0
20811,2020-10-31,Puducherry,34908,3739.0,30577.0,592.0
20841,2020-11-30,Puducherry,36935,480.0,35846.0,609.0
20871,2020-12-31,Puducherry,38096,363.0,37100.0,633.0
20899,2021-01-31,Puducherry,39047,306.0,38094.0,647.0
20926,2021-02-27,Puducherry,39697,194.0,38836.0,667.0
20954,2021-03-31,Puducherry,41341,1011.0,39648.0,682.0
20984,2021-04-30,Puducherry,57427,8989.0,47645.0,793.0
21014,2021-05-31,Puducherry,103826,12167.0,90141.0,1518.0
21043,2021-06-30,Puducherry,116985,2345.0,112892.0,1748.0
21070,2021-07-31,Puducherry,120815,979.0,118043.0,1793.0
21101,2021-08-31,Puducherry,123457,667.0,120978.0,1812.0
21130,2021-09-30,Puducherry,126308,828.0,123640.0,1840.0
21161,2021-10-31,Puducherry,127975,437.0,125681.0,1857.0
21188,2021-11-30,Puducherry,128893,296.0,126725.0,1872.0
21214,2021-12-31,Puducherry,129461,128.0,127452.0,1881.0
21245,2022-01-31,Puducherry,160747,11027.0,147792.0,1928.0
21272,2022-02-28,Puducherry,165711,142.0,163607.0,1962.0
21303,2022-03-31,Puducherry,165774,1.0,163811.0,1962.0
21329,2022-04-30,Puducherry,165788,11.0,163815.0,1962.0
21358,2022-05-31,Puducherry,165854,16.0,163876.0,1962.0
21387,2022-06-30,Puducherry,166438,304.0,164172.0,1962.0
21407,2020-03-31,Punjab,41,37.0,1.0,3.0
21437,2020-04-30,Punjab,357,248.0,90.0,19.0
21468,2020-05-31,Punjab,2233,222.0,1967.0,44.0
21498,2020-06-30,Punjab,5418,1516.0,3764.0,138.0
21529,2020-07-31,Punjab,15456,4577.0,10509.0,370.0
21560,2020-08-31,Punjab,52526,15375.0,35747.0,1404.0
21590,2020-09-30,Punjab,112460,16824.0,92277.0,3359.0
21621,2020-10-31,Punjab,133158,4101.0,124870.0,4187.0
21651,2020-11-30,Punjab,151538,7888.0,138870.0,4780.0
21681,2020-12-31,Punjab,166239,3865.0,157043.0,5331.0
21709,2021-01-31,Punjab,173084,2184.0,165291.0,5609.0
21736,2021-02-27,Punjab,181004,4222.0,170968.0,5814.0
21764,2021-03-31,Punjab,236790,23731.0,206246.0,6813.0
21794,2021-04-30,Punjab,364910,54954.0,301047.0,8909.0
21824,2021-05-31,Punjab,565415,39263.0,511720.0,14432.0
21853,2021-06-30,Punjab,595351,3347.0,575971.0,16033.0
21880,2021-07-31,Punjab,599053,544.0,582217.0,16292.0
21911,2021-08-31,Punjab,600576,359.0,583844.0,16373.0
21940,2021-09-30,Punjab,601600,290.0,584797.0,16513.0
21971,2021-10-31,Punjab,602375,251.0,585566.0,16558.0
21998,2021-11-30,Punjab,603258,329.0,586330.0,16599.0
22024,2021-12-31,Punjab,604594,582.0,587368.0,16644.0
22055,2022-01-31,Punjab,741185,26791.0,697180.0,17214.0
22082,2022-02-28,Punjab,758047,729.0,739616.0,17702.0
22113,2022-03-31,Punjab,759105,126.0,741238.0,17741.0
22139,2022-04-30,Punjab,759565,181.0,741636.0,17748.0
22168,2022-05-31,Punjab,760343,139.0,742452.0,17752.0
22197,2022-06-30,Punjab,762755,1079.0,743903.0,17773.0
22217,2020-03-31,Rajasthan,74,71.0,3.0,0.0
22247,2020-04-30,Rajasthan,2438,1619.0,768.0,51.0
22278,2020-05-31,Rajasthan,8617,2685.0,5739.0,193.0
22308,2020-06-30,Rajasthan,17660,3637.0,13618.0,405.0
22339,2020-07-31,Rajasthan,40145,11097.0,28385.0,663.0
22370,2020-08-31,Rajasthan,80227,14091.0,65093.0,1043.0
22400,2020-09-30,Rajasthan,133119,20376.0,111272.0,1471.0
22431,2020-10-31,Rajasthan,195213,15251.0,178064.0,1898.0
22461,2020-11-30,Rajasthan,265386,28758.0,234336.0,2292.0
22491,2020-12-31,Rajasthan,307554,9835.0,295030.0,2689.0
22519,2021-01-31,Rajasthan,317396,2260.0,312370.0,2766.0
22546,2021-02-27,Rajasthan,320078,1231.0,316061.0,2786.0
22574,2021-03-31,Rajasthan,332243,8155.0,321275.0,2813.0
22604,2021-04-30,Rajasthan,580846,169519.0,407243.0,4084.0
22634,2021-05-31,Rajasthan,938460,49224.0,880919.0,8317.0
22663,2021-06-30,Rajasthan,952322,1565.0,941839.0,8918.0
22690,2021-07-31,Rajasthan,953650,254.0,944443.0,8953.0
22721,2021-08-31,Rajasthan,954093,109.0,945030.0,8954.0
22750,2021-09-30,Rajasthan,954322,76.0,945292.0,8954.0
22781,2021-10-31,Rajasthan,954427,32.0,945441.0,8954.0
22808,2021-11-30,Rajasthan,954770,187.0,945628.0,8955.0
22834,2021-12-31,Rajasthan,956019,773.0,946283.0,8963.0
22865,2022-01-31,Rajasthan,1200052,72289.0,1118518.0,9245.0
22892,2022-02-28,Rajasthan,1279534,4969.0,1265028.0,9537.0
22923,2022-03-31,Rajasthan,1282966,250.0,1273164.0,9552.0
22949,2022-04-30,Rajasthan,1283595,329.0,1273714.0,9552.0
22978,2022-05-31,Rajasthan,1285706,515.0,1275634.0,9557.0
23007,2022-06-30,Rajasthan,1288328,939.0,1277825.0,9564.0
23015,2020-05-31,Sikkim,1,1.0,0.0,0.0
23045,2020-06-30,Sikkim,88,38.0,50.0,0.0
23076,2020-07-31,Sikkim,610,395.0,214.0,1.0
23107,2020-08-31,Sikkim,1627,404.0,1220.0,3.0
23137,2020-09-30,Sikkim,2937,667.0,2235.0,35.0
23168,2020-10-31,Sikkim,3913,254.0,3591.0,68.0
23198,2020-11-30,Sikkim,4985,268.0,4609.0,108.0
23228,2020-12-31,Sikkim,5877,532.0,5218.0,127.0
23256,2021-01-31,Sikkim,6088,94.0,5861.0,133.0
23283,2021-02-27,Sikkim,6135,45.0,5955.0,135.0
23311,2021-03-31,Sikkim,6233,48.0,6050.0,135.0
23341,2021-04-30,Sikkim,7747,1247.0,6354.0,146.0
23371,2021-05-31,Sikkim,15171,3961.0,10960.0,250.0
23400,2021-06-30,Sikkim,20324,2065.0,17954.0,305.0
23427,2021-07-31,Sikkim,26311,3302.0,22667.0,342.0
23458,2021-08-31,Sikkim,29841,1186.0,28285.0,370.0
23487,2021-09-30,Sikkim,31412,600.0,30425.0,387.0
23518,2021-10-31,Sikkim,31958,183.0,31380.0,395.0
23545,2021-11-30,Sikkim,32233,121.0,31709.0,403.0
23571,2021-12-31,Sikkim,32502,61.0,32032.0,409.0
23602,2022-01-31,Sikkim,38099,1110.0,36560.0,429.0
23629,2022-02-28,Sikkim,39064,59.0,38562.0,443.0
23660,2022-03-31,Sikkim,39139,11.0,38676.0,452.0
23686,2022-04-30,Sikkim,39152,3.0,38697.0,452.0
23715,2022-05-31,Sikkim,39165,0.0,38713.0,452.0
23744,2022-06-30,Sikkim,39224,26.0,38744.0,454.0
23764,2020-03-31,Tamil Nadu,74,69.0,4.0,1.0
23794,2020-04-30,Tamil Nadu,2162,925.0,1210.0,27.0
23825,2020-05-31,Tamil Nadu,21184,9024.0,12000.0,160.0
23855,2020-06-30,Tamil Nadu,86224,37334.0,47749.0,1141.0
23886,2020-07-31,Tamil Nadu,239978,57962.0,178178.0,3838.0
23917,2020-08-31,Tamil Nadu,422085,52721.0,362133.0,7231.0
23947,2020-09-30,Tamil Nadu,591943,46281.0,536209.0,9453.0
23978,2020-10-31,Tamil Nadu,722011,23532.0,687388.0,11091.0
24008,2020-11-30,Tamil Nadu,780505,11052.0,757750.0,11703.0
24038,2020-12-31,Tamil Nadu,817077,8615.0,796353.0,12109.0
24066,2021-01-31,Tamil Nadu,837832,4575.0,820907.0,12350.0
24093,2021-02-27,Tamil Nadu,850577,4046.0,834043.0,12488.0
24121,2021-03-31,Tamil Nadu,884094,14846.0,856548.0,12700.0
24151,2021-04-30,Tamil Nadu,1148064,112556.0,1021575.0,13933.0
24181,2021-05-31,Tamil Nadu,2068580,305546.0,1739280.0,23754.0
24210,2021-06-30,Tamil Nadu,2475190,39335.0,2403349.0,32506.0
24237,2021-07-31,Tamil Nadu,2557611,20934.0,2502627.0,34050.0
24268,2021-08-31,Tamil Nadu,2613360,17085.0,2561376.0,34899.0
24297,2021-09-30,Tamil Nadu,2662177,17192.0,2609435.0,35550.0
24328,2021-10-31,Tamil Nadu,2701614,11685.0,2653832.0,36097.0
24355,2021-11-30,Tamil Nadu,2726197,8291.0,2681434.0,36472.0
24381,2021-12-31,Tamil Nadu,2746890,6929.0,2703196.0,36765.0
24412,2022-01-31,Tamil Nadu,3325940,203926.0,3084470.0,37544.0
24439,2022-02-28,Tamil Nadu,3449007,6393.0,3404611.0,38003.0
24470,2022-03-31,Tamil Nadu,3452790,322.0,3414443.0,38025.0
24496,2022-04-30,Tamil Nadu,3453883,507.0,3415351.0,38025.0
24525,2022-05-31,Tamil Nadu,3455376,493.0,3416858.0,38025.0
24554,2022-06-30,Tamil Nadu,3473116,10033.0,3425057.0,38026.0
24574,2020-03-31,Telangana,79,77.0,1.0,1.0
24604,2020-04-30,Telangana,1012,619.0,367.0,26.0
24635,2020-05-31,Telangana,2499,1010.0,1412.0,77.0
24665,2020-06-30,Telangana,15394,9559.0,5582.0,253.0
24696,2020-07-31,Telangana,60717,15640.0,44572.0,505.0
24727,2020-08-31,Telangana,124963,31299.0,92837.0,827.0
24757,2020-09-30,Telangana,191386,29326.0,160933.0,1127.0
24788,2020-10-31,Telangana,238632,18409.0,218887.0,1336.0
24818,2020-11-30,Telangana,269816,10022.0,258336.0,1458.0
24848,2020-12-31,Telangana,286354,5974.0,278839.0,1541.0
24876,2021-01-31,Telangana,294469,2240.0,290630.0,1599.0
24903,2021-02-27,Telangana,298631,1939.0,295059.0,1633.0
24931,2021-03-31,Telangana,307889,4965.0,301227.0,1697.0
24961,2021-04-30,Telangana,435606,77727.0,355618.0,2261.0
24991,2021-05-31,Telangana,575827,35042.0,537522.0,3263.0
25020,2021-06-30,Telangana,622593,13487.0,605455.0,3651.0
25047,2021-07-31,Telangana,644330,9141.0,631389.0,3800.0
25078,2021-08-31,Telangana,657716,5891.0,647953.0,3872.0
25107,2021-09-30,Telangana,665749,4620.0,657213.0,3916.0
25138,2021-10-31,Telangana,671342,4072.0,663315.0,3955.0
25165,2021-11-30,Telangana,675798,3581.0,668227.0,3990.0
25191,2021-12-31,Telangana,681587,3563.0,673999.0,4025.0
25222,2022-01-31,Telangana,761050,38723.0,718241.0,4086.0
25249,2022-02-28,Telangana,788775,3237.0,781427.0,4111.0
25280,2022-03-31,Telangana,791253,462.0,786680.0,4111.0
25306,2022-04-30,Telangana,791978,306.0,787561.0,4111.0
25335,2022-05-31,Telangana,793218,416.0,788691.0,4111.0
25364,2022-06-30,Telangana,800476,4421.0,791944.0,4111.0
25388,2020-04-30,Tripura,2,0.0,2.0,0.0
25419,2020-05-31,Tripura,268,96.0,172.0,0.0
25449,2020-06-30,Tripura,1380,294.0,1085.0,1.0
25480,2020-07-31,Tripura,4706,1723.0,2962.0,21.0
25511,2020-08-31,Tripura,11644,4108.0,7433.0,103.0
25541,2020-09-30,Tripura,25734,5765.0,19692.0,277.0
25572,2020-10-31,Tripura,30717,1493.0,28878.0,346.0
25602,2020-11-30,Tripura,32695,595.0,31730.0,370.0
25632,2020-12-31,Tripura,33264,128.0,32751.0,385.0
25660,2021-01-31,Tripura,33351,21.0,32939.0,391.0
25687,2021-02-27,Tripura,33407,32.0,32984.0,391.0
25715,2021-03-31,Tripura,33503,56.0,33055.0,392.0
25745,2021-04-30,Tripura,35169,1161.0,33612.0,396.0
25775,2021-05-31,Tripura,51133,6557.0,44063.0,513.0
25804,2021-06-30,Tripura,65770,3580.0,61513.0,677.0
25831,2021-07-31,Tripura,78361,3484.0,74122.0,755.0
25862,2021-08-31,Tripura,82862,930.0,81132.0,800.0
25891,2021-09-30,Tripura,84127,260.0,83054.0,813.0
25922,2021-10-31,Tripura,84471,126.0,83529.0,816.0
25949,2021-11-30,Tripura,84791,78.0,83890.0,823.0
25975,2021-12-31,Tripura,85069,95.0,84145.0,829.0
26006,2022-01-31,Tripura,100221,4307.0,95015.0,899.0
26033,2022-02-28,Tripura,100860,27.0,99914.0,919.0
26064,2022-03-31,Tripura,100874,2.0,99952.0,920.0
26090,2022-04-30,Tripura,100880,1.0,99957.0,922.0
26119,2022-05-31,Tripura,100887,0.0,99964.0,923.0
26148,2022-06-30,Tripura,100901,7.0,99971.0,923.0
26168,2020-03-31,Uttar Pradesh,101,87.0,14.0,0.0
26198,2020-04-30,Uttar Pradesh,2134,1585.0,510.0,39.0
26229,2020-05-31,Uttar Pradesh,7445,2834.0,4410.0,201.0
26259,2020-06-30,Uttar Pradesh,22828,6650.0,15506.0,672.0
26290,2020-07-31,Uttar Pradesh,81039,32649.0,46803.0,1587.0
26321,2020-08-31,Uttar Pradesh,225632,54666.0,167543.0,3423.0
26351,2020-09-30,Uttar Pradesh,394856,52160.0,336981.0,5715.0
26382,2020-10-31,Uttar Pradesh,480082,24431.0,448644.0,7007.0
26412,2020-11-30,Uttar Pradesh,541873,24575.0,509556.0,7742.0
26442,2020-12-31,Uttar Pradesh,584966,14155.0,562459.0,8352.0
26470,2021-01-31,Uttar Pradesh,600079,5682.0,585747.0,8650.0
26497,2021-02-27,Uttar Pradesh,603350,2184.0,592441.0,8725.0
26525,2021-03-31,Uttar Pradesh,615996,9195.0,598001.0,8800.0
26555,2021-04-30,Uttar Pradesh,1217952,309237.0,896477.0,12238.0
26585,2021-05-31,Uttar Pradesh,1690016,41214.0,1628456.0,20346.0
26614,2021-06-30,Uttar Pradesh,1705951,2946.0,1680428.0,22577.0
26641,2021-07-31,Uttar Pradesh,1708410,729.0,1684925.0,22756.0
26672,2021-08-31,Uttar Pradesh,1709271,269.0,1686182.0,22820.0
26701,2021-09-30,Uttar Pradesh,1709800,159.0,1686749.0,22892.0
26732,2021-10-31,Uttar Pradesh,1710152,107.0,1687145.0,22900.0
26759,2021-11-30,Uttar Pradesh,1710387,86.0,1687391.0,22910.0
26785,2021-12-31,Uttar Pradesh,1711359,645.0,1687799.0,22915.0
26816,2022-01-31,Uttar Pradesh,2013323,55574.0,1934560.0,23189.0
26843,2022-02-28,Uttar Pradesh,2067472,3954.0,2040065.0,23453.0
26874,2022-03-31,Uttar Pradesh,2070673,354.0,2046824.0,23495.0
26900,2022-04-30,Uttar Pradesh,2074072,1463.0,2049102.0,23507.0
26929,2022-05-31,Uttar Pradesh,2079705,920.0,2055266.0,23519.0
26958,2022-06-30,Uttar Pradesh,2090050,3541.0,2062971.0,23538.0
26974,2020-03-31,Uttarakhand,7,5.0,2.0,0.0
27004,2020-04-30,Uttarakhand,55,19.0,36.0,0.0
27035,2020-05-31,Uttarakhand,749,642.0,102.0,5.0
27065,2020-06-30,Uttarakhand,2831,681.0,2111.0,39.0
27096,2020-07-31,Uttarakhand,7065,2993.0,3996.0,76.0
27127,2020-08-31,Uttarakhand,19235,5912.0,13066.0,257.0
27157,2020-09-30,Uttarakhand,47995,9122.0,38282.0,591.0
27188,2020-10-31,Uttarakhand,61915,3634.0,57270.0,1011.0
27218,2020-11-30,Uttarakhand,74340,4970.0,68148.0,1222.0
27248,2020-12-31,Uttarakhand,90616,4963.0,84149.0,1504.0
27276,2021-01-31,Uttarakhand,96068,1202.0,93223.0,1643.0
27303,2021-02-27,Uttarakhand,97031,490.0,94850.0,1691.0
27331,2021-03-31,Uttarakhand,100118,1696.0,96709.0,1713.0
27361,2021-04-30,Uttarakhand,174867,48319.0,124046.0,2502.0
27391,2021-05-31,Uttarakhand,328338,30357.0,291580.0,6401.0
27420,2021-06-30,Uttarakhand,339933,2245.0,330593.0,7095.0
27447,2021-07-31,Uttarakhand,342023,645.0,334016.0,7362.0
27478,2021-08-31,Uttarakhand,342948,356.0,335211.0,7381.0
27507,2021-09-30,Uttarakhand,343530,209.0,335927.0,7394.0
27538,2021-10-31,Uttarakhand,343891,155.0,336336.0,7400.0
27565,2021-11-30,Uttarakhand,344227,132.0,336687.0,7408.0
27591,2021-12-31,Uttarakhand,344940,255.0,337268.0,7417.0
27622,2022-01-31,Uttarakhand,420188,31165.0,381487.0,7536.0
27649,2022-02-28,Uttarakhand,436074,2392.0,426002.0,7680.0
27680,2022-03-31,Uttarakhand,437239,493.0,429055.0,7691.0
27706,2022-04-30,Uttarakhand,437473,474.0,429306.0,7693.0
27735,2022-05-31,Uttarakhand,437880,462.0,429725.0,7693.0
27764,2022-06-30,Uttarakhand,438663,787.0,430180.0,7696.0
27777,2020-03-31,West Bengal,26,24.0,0.0,2.0
27807,2020-04-30,West Bengal,758,612.0,124.0,22.0
27838,2020-05-31,West Bengal,5130,2851.0,1970.0,309.0
27868,2020-06-30,West Bengal,17907,5535.0,11719.0,653.0
27899,2020-07-31,West Bengal,67692,19900.0,46256.0,1536.0
27930,2020-08-31,West Bengal,159785,25657.0,130952.0,3176.0
27960,2020-09-30,West Bengal,253768,26064.0,222805.0,4899.0
27991,2020-10-31,West Bengal,369671,36999.0,325888.0,6784.0
28021,2020-11-30,West Bengal,480813,24405.0,448032.0,8376.0
28051,2020-12-31,West Bengal,550893,12381.0,528829.0,9683.0
28079,2021-01-31,West Bengal,569769,5671.0,553934.0,10164.0
28106,2021-02-27,West Bengal,574716,3343.0,561110.0,10263.0
28134,2021-03-31,West Bengal,585933,5303.0,570303.0,10327.0
28164,2021-04-30,West Bengal,810955,110241.0,689466.0,11248.0
28194,2021-05-31,West Bengal,1366240,94898.0,1255932.0,15410.0
28223,2021-06-30,West Bengal,1498305,21116.0,1459510.0,17679.0
28250,2021-07-31,West Bengal,1527250,11171.0,1497951.0,18128.0
28281,2021-08-31,West Bengal,1548058,8922.0,1520702.0,18434.0
28310,2021-09-30,West Bengal,1568321,7580.0,1541963.0,18778.0
28341,2021-10-31,West Bengal,1591994,8310.0,1564558.0,19126.0
28368,2021-11-30,West Bengal,1615378,7733.0,1588172.0,19473.0
28394,2021-12-31,West Bengal,1635034,8776.0,1606501.0,19757.0
28425,2022-01-31,West Bengal,1993606,31562.0,1941461.0,20583.0
28452,2022-02-28,West Bengal,2015018,1944.0,1991899.0,21175.0
28483,2022-03-31,West Bengal,2017315,636.0,1995482.0,21197.0
28509,2022-04-30,West Bengal,2018205,335.0,1996669.0,21201.0
28538,2022-05-31,West Bengal,2019356,336.0,1997816.0,21204.0
28567,2022-06-30,West Bengal,2027901,5885.0,2000798.0,21218.0
